"team_id","pos_team","abbreviation","season","plays_off","playsgame_off","TEPA_off","EPAplay_off","EPAgame_off","success_off","start_position_off","playsgame_off_rank","TEPA_off_rank","EPAgame_off_rank","EPAplay_off_rank","success_off_rank","start_position_off_rank","plays_def","playsgame_def","TEPA_def","EPAplay_def","EPAgame_def","success_def","start_position_def","playsgame_def_rank","TEPA_def_rank","EPAgame_def_rank","EPAplay_def_rank","success_def_rank","start_position_def_rank","TEPA_margin","EPAplay_margin","EPAgame_margin","success_margin","start_position_margin","TEPA_margin_rank","EPAgame_margin_rank","EPAplay_margin_rank","success_margin_rank","start_position_margin_rank"
2005,"Air Force","AFA",2014,1148,95.6666666666667,90.7118166308741,0.0790172618735837,7.55931805257284,0.39808362369338,68.6881533101045,29,93,97,102,49,22,1047,87.25,136.605147171837,0.130472919934897,11.3837622643198,0.347659980897803,73.4011461318052,29.5,66,62,68,16,16,-45.893330540963,-0.0514556580613132,-3.82444421174692,0.0504236427955765,4.71299282170064,104,101,105,22,8
2006,"Akron","AKR",2014,1061,96.4545454545455,21.1037551607627,0.019890438417307,1.91852319643297,0.363807728557964,66.7615457115928,25,119,119,120,91,4,1014,92.1818181818182,75.2939043663202,0.0742543435565288,6.8449003969382,0.397435897435897,70.1913214990138,75,28,28,27,72,73,-54.1901492055575,-0.0543639051392218,-4.92637720050523,-0.0336281688779332,3.42977578742098,109,109,108,93,20
333,"Alabama","ALA",2014,1139,87.6153846153846,140.681354818934,0.123513041983261,10.8216426783795,0.464442493415277,70.0517998244074,92,56,72,67,3,43,1155,88.8461538461538,172.138372673874,0.149037552098592,13.2414132826057,0.357575757575758,71.8554112554113,40,101,85,90,20,41,-31.4570178549397,-0.0255245101153312,-2.41977060422613,0.106866735839519,1.80361143100389,91,91,92,4,40
2026,"Appalachian State","APP",2014,958,95.8,171.066056212396,0.178565820680997,17.1066056212396,0.387265135699374,68.6356993736952,28,32,13,21,61,19,831,83.1,77.958443713093,0.0938128083190048,7.7958443713093,0.383874849578821,67.7749699157641,10,29,33,38,59,118,93.1076124993025,0.0847530123619926,9.31076124993026,0.00339028612055303,-0.860729457931058,5,2,4,63,71
12,"Arizona","ARIZ",2014,1451,103.642857142857,219.039934752797,0.150957915060508,15.6457096251998,0.37973811164714,70.7188146106134,7,4,24,41,72,58,1438,102.714285714286,120.531276547035,0.0838186902274238,8.60937689621682,0.37413073713491,72.6988873435327,127,56,38,33,44,25,98.5086582057617,0.0671392248330842,7.03633272898298,0.00560737451223031,1.98007273291933,4,9,14,60,35
9,"Arizona State","ASU",2014,995,90.4545454545455,80.28081222142,0.0806842333883618,7.29825565649273,0.38391959798995,69.4221105527638,65,99,102,100,65,28,1093,99.3636363636364,113.969056695962,0.104271781057605,10.3608233359965,0.363220494053065,73.9734675205855,120,50,52,43,28,9,-33.6882444745417,-0.0235875476692427,-3.06256767950379,0.0206991039368848,4.55135696782172,96,98,90,47,9
8,"Arkansas","ARK",2014,1063,88.5833333333333,73.7589376931829,0.069387523700078,6.14657814109858,0.388523047977422,69.8165569143932,79,104,106,106,59,38,969,80.75,142.241842267072,0.146792406880363,11.8534868555893,0.368421052631579,72.5727554179567,3,74,70,88,38,27,-68.4829045738889,-0.0774048831802851,-5.70690871449074,0.0201019953458434,2.75619850356343,115,115,117,48,27
2032,"Arkansas State","ARST",2014,1099,99.9090909090909,146.054986707525,0.132898077076911,13.2777260643205,0.401273885350318,69.9199272065514,9,51,47,54,45,39,1062,96.5454545454545,145.312875999303,0.136829450093505,13.2102614544821,0.374764595103578,69.3446327683616,103,78,84,78,47,100,0.742110708222356,-0.00393137301659449,0.067464609838396,0.0265092902467403,-0.575294438189829,68,68,70,36,68
349,"Army","ARMY",2014,739,82.1111111111111,67.7389035399951,0.091662927658992,7.52654483777723,0.39106901217862,71.1190798376184,123,105,98,89,56,68,712,79.1111111111111,143.391712825886,0.201392855092537,15.9324125362096,0.467696629213483,68.9466292134831,2,75,111,117,123,107,-75.6528092858912,-0.109729927433545,-8.40586769843236,-0.0766276170348634,-2.17245062413525,118,124,126,114,91
2,"Auburn","AUB",2014,1062,88.5,209.073783764782,0.196867969646687,17.4228153137318,0.455743879472693,69.6271186440678,81,12,11,10,9,34,1079,89.9166666666667,143.635818598489,0.133119387023623,11.9696515498741,0.379981464318814,71.7145505097312,54.5,77,73,71,53,46,65.4379651662926,0.0637485826230642,5.45316376385771,0.0757624151538793,2.08743186566345,15,14,17,10,32
2050,"Ball State","BALL",2014,877,87.7,134.776003533855,0.153678453288318,13.4776003533855,0.396807297605473,70.1995438996579,91,61,43,36,50,47,937,93.7,66.4347906669454,0.0709015908932181,6.64347906669454,0.433297758804696,70.6296691568837,87,22,26,25,107,63,68.3412128669093,0.0827768623950997,6.83412128669093,-0.0364904611992226,0.43012525722574,13,11,5,95,52
239,"Baylor","BAY",2014,1287,107.25,198.902173514396,0.154547143367829,16.5751811261997,0.453768453768454,69.3333333333333,1,15,15,34,10,27,1169,97.4166666666667,258.8421095795,0.221421821710436,21.5701757982916,0.387510692899914,73.6484174508127,114,126,125,126,62,13,-59.9399360651034,-0.0668746783426067,-4.99499467209195,0.0662577608685393,4.31508411747933,112,110,114,15,11
68,"Boise State","BSU",2014,1319,94.2142857142857,171.582541794714,0.130085323574461,12.2558958424796,0.432145564821835,68.4927975739196,35,31,58,56,23,18,1226,94.3076923076923,140.508272681301,0.114607073965172,10.8083286677924,0.317292006525285,72.963295269168,94,72,57,55,3,22,31.0742691134131,0.0154782496092889,1.44756717468719,0.114853558296549,4.4704976952484,33,51,55,2,10
103,"Boston College","BC",2014,1026,85.5,103.565246924879,0.100940786476491,8.63043724373995,0.37037037037037,70.7992202729045,106,83,88,84,84,61,997,83.0833333333333,140.947489342633,0.141371604155098,11.7456241118861,0.367101303911735,71.4714142427282,9,73,68,80,36,50,-37.3822424177533,-0.0404308176786074,-3.11518686814611,0.00326906645863512,0.672193969823709,99,99,99,64,47
189,"Bowling Green","BGSU",2014,1349,103.769230769231,153.560136244419,0.113832569491786,11.8123181726476,0.375092661230541,71.5485544848036,6,42,62,76,76,75,1329,102.230769230769,161.820290487617,0.121760940923715,12.4477146528936,0.438675696012039,69.0451467268623,125,90,75,59,111,105,-8.26015424319854,-0.00792837143192947,-0.635396480246042,-0.063583034781498,-2.50340775794126,79,79,76,108,98
2084,"Buffalo","BUFF",2014,837,93,156.635101606994,0.187138711597365,17.4039001785549,0.412186379928315,70.7120669056153,43,41,12,15,36,57,788,87.5555555555556,125.233891241413,0.158926257920575,13.9148768046015,0.379441624365482,69.4746192893401,32,59,93,99,52,96,31.4012103655813,0.0282124536767899,3.48902337395348,0.0327447555628332,-1.23744761627519,32,28,40,31,80
252,"BYU","BYU",2014,1178,98.1666666666667,168.322630364747,0.142888480785015,14.0268858637289,0.410865874363328,72.3862478777589,17,35,37,51,39,98,1246,103.833333333333,156.704240868439,0.125765843393611,13.0586867390366,0.374799357945425,70.1364365971108,128,87,82,63,48,78,11.6183894963084,0.017122637391404,0.968199124692363,0.0360665164179023,-2.24981128064816,58,58,53,30,92
25,"California","CAL",2014,1161,105.545454545455,216.616464925355,0.186577489169126,19.692405902305,0.419465977605512,71.4823428079242,4,6,5,16,31,73,1126,102.363636363636,248.637273462943,0.220814630073662,22.6033884966312,0.440497335701599,70.9378330373002,126,125,128,125,114,56,-32.0208085375881,-0.0342371409045359,-2.91098259432619,-0.0210313580960861,-0.544509770624018,94,96,96,83,67
2117,"Central Michigan","CMU",2014,1013,84.4166666666667,152.232163814689,0.150278542758825,12.6860136512241,0.433366238894373,72.035538005923,111,44,53,42,20,90,1014,84.5,108.856476462197,0.107353527083035,9.07137303851645,0.380670611439842,68.258382642998,16,44,43,47,54,113,43.375687352492,0.0429250156757898,3.61464061270767,0.0526956274545309,-3.77715536292497,26,27,27,18,112
2132,"Cincinnati","CIN",2014,1086,90.5,196.716405921558,0.181138495323718,16.3930338267965,0.430939226519337,73.9364640883978,64,18,20,20,24,117,1135,94.5833333333333,163.823168415319,0.144337593317461,13.6519307012765,0.418502202643172,70.6211453744493,97,91,90,84,98,64,32.893237506239,0.0368009020062566,2.74110312551992,0.0124370238761652,-3.31531871394844,29,33,33,57,106
228,"Clemson","CLEM",2014,1115,92.9166666666667,47.2321729368286,0.0423606932168867,3.93601441140239,0.369506726457399,70.8663677130045,44,110,113,113,86,64,1068,89,95.3015379504676,0.0892336497663555,7.94179482920564,0.291198501872659,69.4803370786517,43.5,40,35,37,1,95,-48.069365013639,-0.0468729565494688,-4.00578041780325,0.07830822458474,-1.38603063435279,106,103,103,9,81
38,"Colorado","COLO",2014,1256,104.666666666667,161.459509981318,0.12855056527175,13.4549591651098,0.400477707006369,74.0971337579618,5,39,45,58,47,119,1070,89.1666666666667,225.958288319779,0.211175970392317,18.8298573599816,0.408411214953271,71.4028037383178,46,120,120,121,86,52,-64.4987783384609,-0.0826254051205667,-5.37489819487174,-0.00793350794690162,-2.69433001964403,113,113,119,72,101
36,"Colorado State","CSU",2014,957,87,207.357288914932,0.216674283087703,18.8506626286302,0.396029258098224,74.7032392894462,99,13,8,4,52,124,1030,93.6363636363636,149.978214816333,0.14560991729741,13.6343831651211,0.388349514563107,72.5456310679612,86,81,89,86,64,28,57.3790740985993,0.0710643657902929,5.21627946350903,0.0076797435351168,-2.15760822148502,18,19,12,59,90
41,"Connecticut","CONN",2014,823,82.3,74.5662631325545,0.0906029928706616,7.45662631325545,0.32685297691373,71.6962332928311,121,103,99,92,122,81,907,90.7,23.9202457834953,0.0263729280964667,2.39202457834953,0.399117971334068,69.6130099228225,63,14,14,14,75,92,50.6460173490592,0.0642300647741949,5.06460173490592,-0.0722649944203381,-2.08322337000862,20,20,16,112,88
150,"Duke","DUKE",2014,1075,89.5833333333333,114.567632172747,0.106574541556044,9.54730268106228,0.39906976744186,67.4390697674419,70,76,81,81,48,7,1142,95.1666666666667,94.2177610514742,0.08250241773334,7.85148008762285,0.415061295971979,73.5105078809107,98,38,34,31,93,15,20.3498711212732,0.0240721238227041,1.69582259343943,-0.0159915285301185,6.07143811346882,46,47,45,78,3
151,"East Carolina","ECU",2014,1232,102.666666666667,109.411630304642,0.0888081414810408,9.11763585872019,0.448051948051948,71.4448051948052,8,81,83,94,13,71,1166,97.1666666666667,153.730530079926,0.131844365420177,12.8108775066605,0.364493996569468,72.3456260720412,111,83,78,70,32,30,-44.3188997752838,-0.0430362239391359,-3.69324164794032,0.0835579514824797,0.900820877235972,101,100,101,8,46
2199,"Eastern Michigan","EMU",2014,928,84.3636363636364,152.570413484542,0.164407773151446,13.8700375895038,0.324353448275862,73.46875,112,43,39,29,124,112,1008,91.6363636363636,123.20232341028,0.122224527192739,11.2002112191164,0.415674603174603,69.1646825396825,69,58,60,60,94,103,29.3680900742618,0.0421832459587079,2.66982637038744,-0.0913211548987412,-4.30406746031746,36,35,28,122,119
57,"Florida","FLA",2014,971,88.2727272727273,-5.50275554019888,-0.00566710148321202,-0.500250503654443,0.363542739443872,68.0998970133883,86,126,126,126,92,13,1015,92.2727272727273,10.0291313326836,0.0098809175691464,0.911739212062145,0.359605911330049,72.3379310344828,76,8,8,8,24,31,-15.5318868728825,-0.0155480190523584,-1.41198971571659,0.00393682811382301,4.23803402109451,83,83,83,62,12
2226,"Florida Atlantic","FAU",2014,790,87.7777777777778,102.39944605481,0.129619551968114,11.3777162283123,0.388607594936709,72.046835443038,90,85,64,57,58,91,825,91.6666666666667,174.746386084568,0.211813801314627,19.4162651205075,0.436363636363636,72.4036363636364,70.5,102,121,122,110,29,-72.3469400297573,-0.0821942493465131,-8.03854889219526,-0.0477560414269275,0.356800920598388,117,123,118,100,56
2229,"Florida International","FIU",2014,795,88.3333333333333,76.5654483335481,0.0963087400421989,8.5072720370609,0.333333333333333,71.9182389937107,84,102,90,87,118,88,805,89.4444444444444,-27.7654124702727,-0.0344911956152456,-3.0850458300303,0.363975155279503,67.9689440993789,49,2,2,2,31,117,104.330860803821,0.130799935657445,11.5923178670912,-0.0306418219461698,-3.9492948943318,1,1,1,91,115
52,"Florida State","FSU",2014,1161,89.3076923076923,140.82741040756,0.121298372444065,10.8328777236584,0.434108527131783,70.213608957795,74,55,71,70,19,48,1195,91.9230769230769,92.7310777165719,0.0775992282147045,7.13315982435168,0.402510460251046,70.7874476987448,73,37,30,28,81,58,48.0963326909878,0.0436991442293607,3.69971789930675,0.0315980668807369,0.573838740949768,22,26,26,32,49
278,"Fresno State","FRES",2014,1256,96.6153846153846,140.163264009496,0.111594955421573,10.781789539192,0.351114649681529,72.7109872611465,23,57,73,77,108,103,1203,92.5384615384615,145.844871162279,0.121234306868062,11.2188362432522,0.377389858686617,71.75893599335,79,80,61,58,50,45,-5.68160715278245,-0.00963935144648864,-0.437046704060188,-0.0262752090050881,-0.952051267796534,75,75,79,87,74
61,"Georgia","UGA",2014,980,81.6666666666667,188.93935989081,0.192795265194704,15.7449466575675,0.448979591836735,68.6622448979592,124,21,23,13,12,20,1084,90.3333333333333,182.988818500716,0.168808873155642,15.249068208393,0.387453874538745,74.4511070110701,59,106,103,104,61,6,5.95054139009395,0.0239863920390619,0.495878449174496,0.0615257172979893,5.78886211311092,62,62,46,16,5
290,"Georgia Southern","GASO",2014,812,81.2,148.832721934412,0.183291529475877,14.8832721934412,0.447044334975369,69.6995073891626,126,48,31,18,14,35,883,88.3,126.519408955682,0.143283588851282,12.6519408955682,0.420158550396376,73.1891279728199,37,60,76,82,99,18,22.3133129787297,0.0400079406245945,2.23133129787297,0.0268857845789934,3.48962058365737,43,41,30,35,19
2247,"Georgia State","GAST",2014,875,87.5,186.155564955679,0.212749217092205,18.6155564955679,0.358857142857143,73.5782857142857,94,22,9,5,100,114,890,89,181.980155705863,0.204472085062767,18.1980155705863,0.485393258426966,66.0640449438202,43.5,105,119,119,128,128,4.17540924981651,0.00827713202943772,0.417540924981651,-0.126536115569823,-7.51424077046549,64,63,61,126,128
59,"Georgia Tech","GT",2014,1135,87.3076923076923,209.712959184657,0.18476912703494,16.1317660911275,0.491629955947137,71.8334801762115,96,10,21,17,1,85,1061,81.6153846153846,155.288047106167,0.146360082098179,11.9452343927821,0.439208294062205,71.8143261074458,5,86,71,87,113,43,54.42491207849,0.0384090449367619,4.18653169834538,0.0524216618849311,-0.0191540687656442,19,24,31,19,61
62,"Hawai'i","HAW",2014,967,96.7,118.326292971006,0.122364315378497,11.8326292971006,0.331954498448811,71.5056876938987,22,74,61,68,119,74,920,92,48.0579891357651,0.0522369447127882,4.80579891357651,0.36195652173913,71.875,74,19,19,19,26,40,70.2683038352412,0.0701273706657086,7.02683038352412,-0.0300020232903197,0.369312306101349,11,10,13,90,54
248,"Houston","HOU",2014,1094,91.1666666666667,131.046778443244,0.119786817589803,10.9205648702704,0.405850091407678,70.6005484460695,60,69,70,71,42,54,1087,90.5833333333333,41.9625737306352,0.0386040236712376,3.4968811442196,0.382704691812328,70.5317387304508,62,17,16,16,56,67,89.0842047126092,0.0811827939185654,7.42368372605077,0.0231453995953507,-0.0688097156186842,7,6,7,43,62
356,"Illinois","ILL",2014,1073,89.4166666666667,112.086695250878,0.104461039376401,9.3405579375732,0.366262814538677,67.6467847157502,73,78,82,82,88,8,1109,92.4166666666667,143.610357447092,0.129495362891877,11.9675297872577,0.400360685302074,70.770964833183,78,76,72,67,77,59,-31.5236621962135,-0.0250343235154762,-2.62697184968446,-0.0340978707633973,3.12418011743281,92,92,91,94,22
84,"Indiana","IND",2014,902,90.2,132.143660360276,0.146500732106736,13.2143660360276,0.354767184035477,68.7960088691796,66,65,49,48,105,23,980,98,108.681036747484,0.110899017089269,10.8681036747484,0.407142857142857,69.45,115,43,58,51,84,97,23.462623612792,0.0356017150174667,2.3462623612792,-0.0523756731073804,0.653991130820401,41,38,34,102,48
2294,"Iowa","IOWA",2014,1087,90.5833333333333,136.026295483407,0.125139186277283,11.3355246236173,0.394664213431463,70.771849126035,63,59,66,63,53,59,1015,84.5833333333333,136.695148947461,0.134675023593557,11.3912624122884,0.364532019704433,70.0167487684729,17.5,68,64,73,33,81,-0.668853464053569,-0.00953583731627386,-0.0557377886711308,0.0301321937270292,-0.755100357562057,69,69,78,33,70
66,"Iowa State","ISU",2014,1083,98.4545454545455,216.680338359355,0.200074181310577,19.6982125781232,0.373961218836565,73.5558633425669,15,5,4,8,79,113,1109,100.818181818182,168.045183805449,0.151528569707348,15.2768348914045,0.477908025247971,73.6465284039675,124,99,104,92,125,14,48.6351545539063,0.0485456116032293,4.42137768671875,-0.103946806411406,0.0906650614005997,21,22,23,124,60
2305,"Kansas","KU",2014,1020,92.7272727272727,109.707611361603,0.107556481727062,9.97341921469117,0.311764705882353,73.7754901960784,45,80,80,79,126,116,991,90.0909090909091,95.7942952205912,0.0966642736837449,8.70857229278102,0.411705348133199,69.518668012109,58,41,40,39,88,94,13.9133161410117,0.0108922080433167,1.26484692191015,-0.0999406422508459,-4.25682218396946,54,54,59,123,117
2306,"Kansas State","KSU",2014,1045,87.0833333333333,169.942015396348,0.162623938178323,14.1618346163623,0.429665071770335,69.1866028708134,98,33,36,31,25,24,1049,87.4166666666667,188.955161349032,0.180128847806513,15.7462634457527,0.408960915157293,72.163012392755,31,111,109,111,87,35,-19.0131459526843,-0.0175049096281897,-1.58442882939036,0.0207041566130423,2.9764095219416,84,85,85,46,24
2309,"Kent State","KENT",2014,948,86.1818181818182,117.103186120207,0.123526567637349,10.6457441927461,0.350210970464135,71.6392405063291,102,75,75,66,110,78,1040,94.5454545454545,91.6120326856206,0.0880884929669429,8.32836660778369,0.417307692307692,72.1865384615385,96,36,36,35,97,33,25.491153434586,0.0354380746704059,2.31737758496236,-0.0670967218435573,0.547297955209345,39,39,35,110,50
96,"Kentucky","UK",2014,1005,91.3636363636364,100.076390133774,0.0995784976455463,9.09785364852491,0.352238805970149,69.7194029850746,59,86,84,85,107,36,996,90.5454545454545,113.697232378714,0.114153847769793,10.3361120344285,0.407630522088353,71.8092369477912,61,49,51,54,85,44,-13.6208422449396,-0.0145753501242465,-1.2382583859036,-0.0553917161182042,2.08983396271654,81,82,82,105,31
2335,"Liberty","LIB",2014,193,96.5,32.8731823914479,0.170327369903875,16.436591195724,0.362694300518135,73.2487046632124,24,116,18,27,94,110,200,100,17.6551876067676,0.0882759380338378,8.82759380338378,0.435,66.76,121,11,42,36,108,125,15.2179947846804,0.0820514318700375,7.60899739234019,-0.0723056994818653,-6.48870466321243,53,5,6,113,126
309,"Louisiana","ULL",2014,1056,88,135.23267580554,0.128061246027973,11.2693896504616,0.40625,72.7869318181818,89,60,67,61,41,104,1062,88.5,136.690309769027,0.128710272852191,11.3908591474189,0.384180790960452,73.0348399246704,38,67,63,65,60,20,-1.45763396348735,-0.000649026824217996,-0.12146949695728,0.022069209039548,0.247908106488623,70,70,67,44,57
2433,"Louisiana Monroe","ULM",2014,1034,94,50.3919659264258,0.0487349767180133,4.58108781149325,0.359767891682785,74.5299806576402,37,109,110,110,98,121,974,88.5454545454545,69.8545697695514,0.0717192708106278,6.35041543359559,0.347022587268994,70.4681724845996,39,25,25,26,14,70,-19.4626038431256,-0.0229842940926144,-1.76932762210233,0.0127453044137915,-4.06180817304065,86,87,89,56,116
2348,"Louisiana Tech","LT",2014,1074,89.5,174.082632749953,0.162088112430124,14.5068860624961,0.381750465549348,66.6778398510242,71,28,32,32,69,3,1127,93.9166666666667,127.170681508543,0.112840001338548,10.5975567923786,0.358473824312334,69.2644188110027,89.5,61,55,53,21,101,46.9119512414097,0.0492481110915761,3.90932927011748,0.0232766412370146,2.58657895997845,23,25,21,41,28
97,"Louisville","LOU",2014,1109,92.4166666666667,77.851859304657,0.0702000534757953,6.48765494205475,0.345356176735798,69.7592425608656,50.5,100,105,105,114,37,1037,86.4166666666667,-1.33088858570946,-0.00128340268631578,-0.110907382142455,0.322082931533269,67.2198649951784,27,5,5,5,5,121,79.1827478903664,0.0714834561621111,6.5985623241972,0.0232732452025289,-2.53937756568725,8,12,11,42,99
99,"LSU","LSU",2014,1051,87.5833333333333,121.656135175572,0.115752745171809,10.138011264631,0.384395813510942,72.1484300666032,93,73,77,75,64,93,1001,83.4166666666667,83.4858228680882,0.0834024204476405,6.95715190567402,0.316683316683317,71.8371628371628,11,31,29,32,2,42,38.1703123074834,0.0323503247241688,3.18085935895695,0.0677124968276253,-0.311267229440404,27,30,37,14,63
276,"Marshall","MRSH",2014,1115,85.7692307692308,215.379555179961,0.193165520340772,16.5676580907662,0.439461883408072,67.990134529148,105,7,16,12,17,11,1221,93.9230769230769,198.072168149798,0.162221267935953,15.2363206269076,0.395577395577396,69.5675675675676,91,114,102,101,70,93,17.3073870301628,0.0309442524048195,1.33133746385868,0.0438844878306762,1.57743303841958,50,53,38,26,42
120,"Maryland","MD",2014,924,84,168.358535398133,0.182206207140837,15.3053213998303,0.350649350649351,69.9318181818182,113,34,26,19,109,40,1101,100.090909090909,69.0187973726824,0.0626873727272319,6.2744361247893,0.397820163487738,68.4486830154405,122,24,24,22,73,111,99.3397380254507,0.119518834413605,9.03088527504098,-0.0471708128383878,-1.48313516637768,3,3,2,98,83
235,"Memphis","MEM",2014,1167,97.25,35.6883950572426,0.0305813153875258,2.97403292143688,0.381319622964867,66.9837189374464,19,114,116,116,70,5,1165,97.0833333333333,152.871583894152,0.131220243685968,12.739298657846,0.333905579399142,74.5124463519313,109.5,82,77,69,11,5,-117.18318883691,-0.100638928298442,-9.76526573640913,0.0474140435657255,7.52872741448489,128,126,124,23,2
2390,"Miami","MIAMI",2014,986,82.1666666666667,92.8168689419403,0.0941347555192093,7.73473907849503,0.396551724137931,73.6176470588235,122,90,94,88,51,115,1090,90.8333333333333,140.031907855223,0.12846964023415,11.6693256546019,0.400917431192661,71.3495412844037,64,71,67,64,78,53,-47.2150389132828,-0.0343348847149403,-3.9345865761069,-0.0043657070547295,-2.26810577441987,105,102,97,70,93
193,"Miami (OH)","M-OH",2014,981,89.1818181818182,148.754584267967,0.151635661842984,13.5231440243606,0.370030581039755,72.3017329255861,75,49,41,40,85,96,1002,91.0909090909091,117.288291298949,0.117054182933083,10.6625719362681,0.447105788423154,68.9770459081836,65,54,56,57,118,106,31.4662929690177,0.0345814789099005,2.86057208809252,-0.0770752073833983,-3.32468701740251,31,32,36,115,107
130,"Michigan","MICH",2014,942,78.5,1.83729657300706,0.00195042099045335,0.153108047750588,0.383227176220807,70.5934182590234,128,124,124,124,66,53,1018,84.8333333333333,68.5318141892037,0.0673200532310449,5.71098451576697,0.358546168958743,67.6935166994106,20,23,21,23,22,120,-66.6945176161966,-0.0653696322405915,-5.55787646801639,0.0246810072620642,-2.89990155961274,114,114,113,38,102
127,"Michigan State","MSU",2014,1119,93.25,179.174714878496,0.160120388631363,14.9312262398746,0.445040214477212,67.840035746202,42,27,30,33,15,10,1015,84.5833333333333,167.019880006592,0.164551605917825,13.9183233338827,0.329064039408867,71.5270935960591,17.5,96,94,103,9,48,12.1548348719034,-0.00443121728646148,1.01290290599195,0.115976175068345,3.68705784985715,56,56,73,1,15
2393,"Middle Tennessee","MTSU",2014,921,92.1,151.361239840796,0.164344451510093,15.1361239840796,0.393051031487514,71.5613463626493,53,46,28,30,54,76,969,96.9,132.477808599667,0.136716004746819,13.2477808599667,0.440660474716202,70.046439628483,108,63,86,77,115,80,18.8834312411286,0.0276284467632746,1.88834312411286,-0.0476094432286887,-1.51490673416632,48,45,41,99,84
135,"Minnesota","MINN",2014,1005,83.75,91.5915070899502,0.0911358279501992,7.63262559082918,0.392039800995025,70.3562189054726,114,92,96,90,55,49,1004,83.6666666666667,111.892436342063,0.111446649743091,9.32436969517194,0.373505976095618,73.8575697211155,13,48,45,52,43,10,-20.3009292521132,-0.0203108217928918,-1.69174410434276,0.0185338248994074,3.50135081564291,87,86,88,51,18
344,"Mississippi State","MSST",2014,1146,95.5,134.07212074148,0.116991379355567,11.1726767284567,0.458115183246073,71.0636998254799,30,62,68,74,8,66,1127,93.9166666666667,121.981636552138,0.108235702353272,10.1651363793448,0.371783496007098,69.9520851818989,89.5,57,50,49,41,84,12.0904841893421,0.00875567700229485,1.00754034911184,0.0863316872389748,-1.11161464358108,57,57,60,7,78
142,"Missouri","MIZ",2014,1149,88.3846153846154,151.580560508948,0.131923899485594,11.6600431160729,0.359442993907746,72.8964316797215,82,45,63,55,99,106,1205,92.6923076923077,81.1208570808202,0.067320213345079,6.24006592929386,0.374273858921162,69.3900414937759,81,30,23,24,45,99,70.4597034281276,0.0646036861405152,5.41997718677904,-0.014830865013416,-3.50639018594556,10,15,15,76,109
2426,"Navy","NAVY",2014,913,83,133.486205132582,0.146206139247077,12.1351095575074,0.461117196056955,72.0306681270537,117,63,59,49,7,89,955,86.8181818181818,165.807408265415,0.173620322791011,15.0734007514014,0.471204188481675,70.5989528795811,28,94,101,108,124,65,-32.3212031328337,-0.0274141835439335,-2.93829119389397,-0.0100869924247203,-1.43171524747252,95,97,93,75,82
152,"NC State","NCST",2014,1059,88.25,180.800469254379,0.170727544149555,15.0667057711983,0.440982058545798,71.9121813031161,87,26,29,26,16,87,1078,89.8333333333333,187.098758265197,0.173561000246008,15.5915631887664,0.390538033395176,72.3228200371058,53,108,108,107,65,32,-6.29828901081811,-0.00283345609645319,-0.524857417568176,0.0504440251506217,0.410638733989614,78,77,69,21,53
158,"Nebraska","NEB",2014,1109,92.4166666666667,93.7905484249272,0.0845721807258136,7.8158790354106,0.42200180342651,64.1009918845807,50.5,89,93,96,29,1,1118,93.1666666666667,165.191274177926,0.147756059193136,13.7659395148272,0.364937388193202,70.1377459749553,85,93,92,89,34,77,-71.4007257529989,-0.0631838784673225,-5.95006047941657,0.0570644152333082,6.03675409037457,116,117,110,17,4
2440,"Nevada","NEV",2014,988,89.8181818181818,150.34271376333,0.152168738626852,13.66751943303,0.361336032388664,69.9321862348178,69,47,40,39,95,41,1071,97.3636363636364,83.6026503479462,0.078060364470538,7.60024094072239,0.432306255835668,73.1661998132586,113,32,32,29,106,19,66.7400634153835,0.0741083741563139,6.06727849230759,-0.0709702234470037,3.23401357844082,14,13,10,111,21
167,"New Mexico","UNM",2014,944,78.6666666666667,191.00391255696,0.202334653132373,15.91699271308,0.372881355932203,73.1408898305085,127,20,22,6,82,108,1129,94.0833333333333,193.737055132991,0.171600580277228,16.1447545944159,0.426926483613818,73.3861824623561,92,113,112,106,105,17,-2.73314257603022,0.0307340728551451,-0.227761881335852,-0.0540451276816141,0.24529263184759,72,72,39,103,58
166,"New Mexico State","NMSU",2014,898,99.7777777777778,96.3772346168582,0.107324314718105,10.7085816240954,0.348552338530067,71.1837416481069,10,87,74,80,112,69,836,92.8888888888889,134.328304876649,0.160679790522307,14.9253672085165,0.482057416267943,66.9162679425837,83,64,99,100,126,124,-37.9510702597903,-0.053355475804202,-4.21678558442115,-0.133505077737876,-4.26747370552317,100,106,107,127,118
153,"North Carolina","UNC",2014,1285,98.8461538461538,246.312300904955,0.191682724439654,18.9471000696119,0.411673151750973,70.1089494163424,13,3,7,14,38,44,1249,96.0769230769231,221.678949750986,0.177485147919124,17.052226903922,0.438751000800641,72.9671737389912,101,119,113,110,112,21,24.6333511539688,0.0141975765205294,1.8948731656899,-0.0270778490496678,2.85822432264878,40,44,56,88,26
249,"North Texas","UNT",2014,890,89,131.456399511046,0.147703819675332,13.1456399511046,0.340449438202247,71.0910112359551,77,67,50,44,116,67,852,85.2,85.0389458238145,0.0998109692767775,8.50389458238145,0.402582159624413,70.1901408450704,23,33,37,40,82,75,46.4174536872314,0.0478928503985549,4.64174536872314,-0.0621327214221659,-0.900870390884634,24,21,25,107,73
2459,"Northern Illinois","NIU",2014,1204,92.6153846153846,164.502345567355,0.136629855122388,12.6540265821042,0.425249169435216,69.5116279069767,46,36,54,53,27,31,1206,92.7692307692308,183.899410748299,0.152487073588971,14.1461085190999,0.412106135986733,74.5796019900498,82,107,96,93,90,4,-19.3970651809435,-0.0158572184665827,-1.49208193699566,0.0131430334484829,5.06797408307301,85,84,84,55,7
77,"Northwestern","NW",2014,1065,96.8181818181818,81.0332934214577,0.0760875994567678,7.36666303831434,0.376525821596244,72.6262910798122,21,98,101,103,75,102,966,87.8181818181818,22.0306206281837,0.0228060254950142,2.00278369347124,0.37888198757764,69.1604554865424,34,13,12,12,51,104,59.0026727932741,0.0532815739617537,5.3638793448431,-0.0023561659813956,-3.46583559326976,16,17,20,69,108
87,"Notre Dame","ND",2014,1190,91.5384615384615,130.714347412281,0.109843989422085,10.0549498009447,0.423529411764706,69.5142857142857,58,70,79,78,28,32,1156,88.9230769230769,167.413341932231,0.144821230045183,12.8779493794024,0.395328719723183,72.6012110726644,41,97,80,85,69,26,-36.6989945199505,-0.0349772406230981,-2.82299957845773,0.0282006920415225,3.08692535837864,98,95,98,34,23
195,"Ohio","OHIO",2014,917,91.7,83.328396604075,0.0908706615093511,8.3328396604075,0.372955288985823,75.175572519084,55,96,91,91,81,128,857,85.7,10.8537928812571,0.0126648691729955,1.08537928812571,0.382730455075846,71.8821470245041,24,9,9,9,57,39,72.4746037228178,0.0782057923363556,7.24746037228178,-0.0097751660900226,-3.29342549457989,9,8,9,74,105
194,"Ohio State","OSU",2014,1334,88.9333333333333,194.556771329823,0.145844656169283,12.9704514219882,0.472263868065967,68.6776611694153,78,19,52,50,2,21,1350,90,272.077747184062,0.201539071988194,18.1385164789374,0.37037037037037,74.4392592592593,56.5,127,118,118,40,7,-77.5209758542386,-0.0556944158189112,-5.16806505694924,0.101893497695597,5.76159808984397,119,112,109,5,6
201,"Oklahoma","OKLA",2014,1171,90.0769230769231,172.240053934311,0.147088005067729,13.2492349180239,0.415029888983775,70.6251067463706,68,30,48,45,34,55,1277,98.2307692307692,202.399104973008,0.158495775233365,15.5691619210006,0.341425215348473,72.8919342208301,116,116,107,98,12,23,-30.159051038697,-0.0114077701656364,-2.31992700297669,0.0736046736353016,2.26682747445945,90,90,81,12,30
197,"Oklahoma State","OKST",2014,1090,90.8333333333333,184.855022468273,0.169591763732361,15.4045852056894,0.363302752293578,69.5045871559633,62,23,25,28,93,30,1155,96.25,165.136981560429,0.142975741610761,13.7614151300357,0.391341991341991,70.5004329004329,102,92,91,81,67,68,19.7180409078446,0.0266160221216,1.64317007565371,-0.0280392390484133,0.995845744469591,47,48,43,89,44
295,"Old Dominion","ODU",2014,858,85.8,198.915168791343,0.231835861062171,19.8915168791343,0.421911421911422,71.8100233100233,104,14,3,2,30,84,905,90.5,176.449322081714,0.194971626609628,17.6449322081714,0.482872928176796,70.2828729281768,60,103,117,116,127,72,22.4658467096289,0.0368642344525425,2.24658467096289,-0.0609615062653737,-1.52715038184651,42,40,32,106,85
145,"Ole Miss","MISS",2014,960,87.2727272727273,50.6016157336005,0.0527100163891672,4.60014688487278,0.375,74.571875,97,108,109,108,77,122,1095,91.25,4.20486335289168,0.00384005785652208,0.35040527940764,0.360730593607306,70.7114155251141,67,7,7,7,25,61,46.3967523807089,0.0488699585326451,4.24974160546514,0.0142694063926941,-3.86045947488586,25,23,22,53,114
2483,"Oregon","ORE",2014,1296,92.5714285714286,288.846348870994,0.222875269190582,20.6318820622139,0.462191358024691,68.4158950617284,47,2,2,3,6,17,1389,99.2142857142857,187.115631194055,0.134712477461523,13.3654022281468,0.416846652267819,70.4989200863931,119,109,87,74,95,69,101.730717676939,0.0881627917290591,7.26647983406707,0.0453447057568728,2.08302502466469,2,7,3,24,33
204,"Oregon State","ORST",2014,1018,92.5454545454545,157.284350724326,0.154503291477727,14.2985773385751,0.385068762278978,70.5481335952849,48.5,40,34,35,63,52,1009,91.7272727272727,135.022856166008,0.133818489758185,12.2748051060007,0.403369672943508,71.4697720515362,72,65,74,72,83,51,22.2614945583176,0.0206848017195422,2.02377223257433,-0.01830091066453,0.921638456251301,44,43,47,82,45
213,"Penn State","PSU",2014,1220,93.8461538461538,-7.93822122688441,-0.00650673871056099,-0.610632402068031,0.360655737704918,70.8606557377049,39,127,127,127,97,63,1118,86,-2.35483828720403,-0.00210629542683723,-0.181141406708002,0.321109123434705,68.1923076923077,25,4,4,4,4,114,-5.58338293968038,-0.00440044328372376,-0.429490995360029,0.0395466142702132,-2.66834804539722,74,74,72,29,100
221,"Pittsburgh","PITT",2014,974,88.5454545454545,125.146227434297,0.128486886482852,11.3769297667543,0.464065708418891,70.5102669404517,80,72,65,59,4,51,929,84.4545454545455,233.80386689892,0.251672623142002,21.2548969908109,0.390742734122713,74.4068891280947,15,122,124,128,66,8,-108.657639464623,-0.123185736659151,-9.87796722405662,0.0733229742961786,3.89662218764298,125,127,128,13,13
2509,"Purdue","PUR",2014,969,88.0909090909091,63.8798020950991,0.0659234283747153,5.8072547359181,0.358101135190918,69.4231166150671,88,106,107,107,102,29,1023,93,109.090456462394,0.106637787353269,9.91731422385399,0.413489736070381,66.9638318670577,84,45,49,46,91,123,-45.2106543672947,-0.0407143589785534,-4.11005948793588,-0.0553886008794628,-2.4592847480094,102,105,100,104,97
242,"Rice","RICE",2014,1183,91,181.418087990884,0.153354258656707,13.9552375377603,0.366018596787828,68.0177514792899,61,25,38,38,89,12,1105,85,153.859475351842,0.139239344209812,11.835344257834,0.383710407239819,69.9004524886878,21.5,84,69,79,58,85,27.5586126390419,0.0141149144468948,2.1198932799263,-0.0176918104519915,1.88270100939783,38,42,57,80,37
164,"Rutgers","RUTG",2014,1021,85.0833333333333,197.308195745962,0.193249946861863,16.4423496454968,0.409402546523017,71.767874632713,109,17,17,11,40,82,1055,87.9166666666667,161.014123367392,0.152620022149186,13.4178436139493,0.425592417061611,67.9876777251185,35,89,88,94,103,116,36.2940723785704,0.0406299247126765,3.02450603154753,-0.0161898705385947,-3.78019690759454,28,31,29,79,113
21,"San Diego State","SDSU",2014,936,85.0909090909091,35.1985772967472,0.0376053176247299,3.19987066334065,0.388888888888889,69.6036324786325,107.5,115,115,115,57,33,935,85,116.427474413644,0.124521363009245,10.5843158557858,0.376470588235294,70.9133689839572,21.5,53,54,62,49,57,-81.2288971168968,-0.086916045384515,-7.38444519244516,0.0124183006535948,1.30973650532474,121,119,122,58,43
23,"San Jos√© State","SJSU",2014,939,93.9,41.4538347437795,0.0441467888645149,4.14538347437795,0.361022364217252,74.0820021299255,38,112,112,112,96,118,811,81.1,87.0892599633342,0.10738503078093,8.70892599633342,0.401972872996301,67.0715166461159,4,34,41,48,80,122,-45.6354252195547,-0.063238241916415,-4.56354252195547,-0.0409505087790484,-7.01048548380955,103,107,111,96,127
2567,"SMU","SMU",2014,1060,88.3333333333333,131.552157605884,0.124105809062155,10.9626798004903,0.310377358490566,70.9216981132075,84,66,69,65,127,65,1099,91.5833333333333,115.500934918479,0.105096392100527,9.62507790987323,0.456778889899909,66.5686988171065,68,51,47,44,120,127,16.0512226874053,0.0190094169616282,1.33760189061711,-0.146401531409343,-4.35299929610107,52,52,50,128,120
6,"South Alabama","USA",2014,1124,93.6666666666667,20.9747682675097,0.0186608258607738,1.74789735562581,0.373665480427046,70.0453736654804,40,120,121,121,80,42,1075,89.5833333333333,117.427190045033,0.109234595390728,9.78559917041938,0.391627906976744,69.7283720930233,50,55,48,50,68,88,-96.4524217775229,-0.0905737695299542,-8.03770181479358,-0.0179624265496979,-0.317001572457173,124,122,123,81,64
2579,"South Carolina","SC",2014,1100,91.6666666666667,161.65613434443,0.1469601221313,13.4713445287025,0.427272727272727,72.3045454545454,56,38,44,46,26,97,1058,88.1666666666667,158.326469834022,0.149646946913064,13.1938724861685,0.435727788279773,71.9536862003781,36,88,83,91,109,36,3.32966451040792,-0.00268682478176432,0.277472042533994,-0.00845506100704591,-0.350859254167375,65,65,68,73,65
58,"South Florida","USF",2014,898,81.6363636363636,77.7262992510422,0.0865548989432541,7.0660272046402,0.314031180400891,72.5300668151448,125,101,103,95,125,99,921,83.7272727272727,74.6752029356271,0.081080567791126,6.78865481232974,0.42671009771987,71.5211726384365,14,27,27,30,104,49,3.05109631541514,0.0054743311521281,0.277372392310467,-0.112678917318979,-1.00889417670828,66,66,64,125,75
2572,"Southern Mississippi","USM",2014,915,83.1818181818182,111.608945974165,0.121976990135699,10.1462678158332,0.363934426229508,71.6612021857923,116,79,76,69,90,79,920,83.6363636363636,95.2723351336793,0.103556886014869,8.66112137578903,0.41195652173913,69.2608695652174,12,39,39,42,89,102,16.3366108404856,0.0184201041208305,1.48514644004414,-0.0480220955096222,-2.40033262057496,51,50,51,101,94
24,"Stanford","STAN",2014,1003,83.5833333333333,102.851544438898,0.102543912700796,8.57096203657487,0.402791625124626,70.8594217347956,115,84,89,83,43,62,1047,87.25,90.2451912891556,0.0861940699991935,7.52043260742964,0.328557784145177,72.7392550143266,29.5,35,31,34,8,24,12.6063531497427,0.0163498427016025,1.05052942914523,0.0742338409794495,1.87983327953103,55,55,54,11,39
183,"Syracuse","SYR",2014,962,87.4545454545455,24.3855819846214,0.0253488378218517,2.21687108951103,0.347193347193347,75.004158004158,95,118,118,118,113,126,979,89,17.7433822439358,0.0181239859488619,1.61303474944871,0.36976506639428,69.7671092951992,43.5,12,11,11,39,87,6.64219974068552,0.00722485187298979,0.603836340062321,-0.0225717192009326,-5.23704870895882,61,61,62,84,123
2628,"TCU","TCU",2014,1190,99.1666666666667,94.5129270710302,0.0794226277907817,7.87607725591918,0.432773109243697,67.3798319327731,11.5,88,92,101,22,6,1162,96.8333333333333,189.421001656646,0.163012910203654,15.7850834713872,0.322719449225473,75.1764199655766,105,112,110,102,6,2,-94.9080745856157,-0.0835902824128722,-7.90900621546797,0.110053660018224,7.79658803280347,122,120,120,3,1
218,"Temple","TEM",2014,936,85.0909090909091,-30.3546304873177,-0.0324301607770489,-2.75951186248343,0.327991452991453,68.1143162393162,107.5,128,128,128,120,14,1054,95.8181818181818,-60.3482733413749,-0.0572564263200901,-5.48620666739772,0.374762808349146,71.9402277039848,100,1,1,1,46,37,29.9936428540572,0.0248262655430412,2.72669480491429,-0.0467713553576931,3.82591146466858,35,34,44,97,14
2633,"Tennessee","TENN",2014,1130,94.1666666666667,55.576607732135,0.0491828387010044,4.63138397767792,0.382300884955752,69.2203539823009,36,107,108,109,68,25,1079,89.9166666666667,170.738652362365,0.158237861318225,14.2282210301971,0.362372567191844,72.1760889712697,54.5,100,97,97,27,34,-115.16204463023,-0.109055022617221,-9.59683705251917,0.0199283177639079,2.95573498896881,127,125,125,49,25
251,"Texas","TEX",2014,1163,89.4615384615385,112.961065749843,0.0971290333188679,8.68931274998795,0.353396388650043,73.2510748065348,72,77,87,86,106,111,1201,92.3846153846154,43.0082998906916,0.0358104079023244,3.30833076082243,0.34804329725229,68.7568692756037,77,18,15,15,17,109,69.9527658591517,0.0613186254165435,5.38098198916552,0.0053530913977532,-4.49420553093115,12,16,18,61,121
245,"Texas A&M","TA&M",2014,1060,88.3333333333333,212.661425471024,0.200623986293419,17.7217854559186,0.433018867924528,72.9198113207547,84,9,10,7,21,107,1168,97.3333333333333,211.645331699933,0.181203194948573,17.6371109749944,0.416952054794521,74.9743150684932,112,117,116,112,96,3,1.01609377109048,0.0194207913448456,0.0846744809242068,0.0160668131300078,2.05450374773844,67,67,49,52,34
326,"Texas State","TXST",2014,982,98.2,126.066752638434,0.128377548511644,12.6066752638434,0.378818737270876,70.1435845213849,16,71,55,60,73,45,945,94.5,128.925786397784,0.136429403595538,12.8925786397784,0.380952380952381,73.6634920634921,95,62,81,76,55,12,-2.8590337593495,-0.00805185508389453,-0.28590337593495,-0.00213364368150515,3.51990754210713,73,73,77,68,17
2641,"Texas Tech","TTU",2014,1066,96.9090909090909,183.683586163472,0.172311056438529,16.6985078330429,0.382739212007505,71.6660412757974,20,24,14,24,67,80,1104,100.363636363636,238.947560599932,0.216438007789793,21.7225055090847,0.449275362318841,68.4347826086957,123,123,126,123,119,112,-55.2639744364599,-0.0441269513512643,-5.02399767604181,-0.0665361503113359,-3.23125866710171,110,111,102,109,104
2649,"Toledo","TOL",2014,1049,95.3636363636364,209.115506290791,0.199347479781498,19.0105005718901,0.453765490943756,72.5948522402288,31,11,6,9,11,100,981,89.1818181818182,215.410402079083,0.219582468989891,19.5827638253712,0.401630988786952,71.0642201834862,47,118,122,124,79,55,-6.29489578829188,-0.0202349892083932,-0.572263253481079,0.0521345021568039,-1.53063205674255,77,78,87,20,86
2653,"Troy","TROY",2014,867,86.7,132.962451071364,0.153359228456014,13.2962451071364,0.378316032295271,72.6089965397924,101,64,46,37,74,101,847,84.7,154.872571697317,0.182848372724106,15.4872571697317,0.467532467532468,70.1912632821724,19,85,106,113,122,74,-21.9101206259532,-0.0294891442680915,-2.19101206259532,-0.0892164352371965,-2.41773325762001,88,89,94,120,95
2655,"Tulane","TULN",2014,1018,92.5454545454545,40.3540757926531,0.0396405459652781,3.66855234478664,0.336935166994106,74.6944990176817,48.5,113,114,114,117,123,912,82.9090909090909,-18.1002315926851,-0.0198467451674179,-1.64547559933501,0.421052631578947,68.9078947368421,8,3,3,3,102,108,58.4543073853382,0.0594872911326959,5.31402794412165,-0.0841174645848413,-5.78660428083963,17,18,19,117,125
202,"Tulsa","TLSA",2014,1171,97.5833333333333,161.920464556519,0.138275375368505,13.4933720463766,0.3800170794193,74.4312553373185,18,37,42,52,71,120,1033,86.0833333333333,139.950507989172,0.135479678595519,11.662542332431,0.39593417231365,70.7521781219748,26,70,66,75,71,60,21.9699565673479,0.00279569677298561,1.83082971394565,-0.0159170928943498,-3.6790772153437,45,46,66,77,110
5,"UAB","UAB",2014,988,98.8,88.4887647680363,0.0895635270931541,8.84887647680363,0.411943319838057,68.1983805668016,14,95,86,93,37,16,941,94.1,145.711162528024,0.15484714402553,14.5711162528024,0.36663124335813,70.5951115834219,93,79,98,96,35,66,-57.2223977599877,-0.0652836169323762,-5.72223977599877,0.045312076479927,2.39673101662028,111,116,112,25,29
2116,"UCF","UCF",2014,1108,92.3333333333333,13.0493120919974,0.0117773574837522,1.08744267433312,0.386281588447653,67.7861010830325,52,123,123,123,62,9,1053,87.75,62.0010086689496,0.0588803501129626,5.16675072241247,0.367521367521368,69.6923076923077,33,21,20,20,37,89,-48.9516965769522,-0.0471029926292104,-4.07930804807935,0.0187602209262859,1.9062066092752,107,104,104,50,36
26,"UCLA","UCLA",2014,1156,96.3333333333333,173.476308674402,0.150066010964016,14.4563590562002,0.416955017301038,74.7915224913495,26,29,33,43,33,125,1165,97.0833333333333,179.428154579882,0.154015583330371,14.9523462149902,0.373390557939914,73.7201716738197,109.5,104,100,95,42,11,-5.95184590547984,-0.0039495723663551,-0.495987158789987,0.0435644593611239,-1.07135081752973,76,76,71,27,76
113,"UMass","UMASS",2014,1135,94.5833333333333,143.205655765016,0.126172383933935,11.9338046470846,0.387665198237885,72.1973568281938,34,53,60,62,60,94,1162,96.8333333333333,167.435487657979,0.144092502287417,13.9529573048316,0.420826161790017,70.1652323580034,105,98,95,83,101,76,-24.2298318929633,-0.0179201183534828,-2.01915265774694,-0.0331609635521317,-2.0321244701904,89,88,86,92,87
2439,"UNLV","UNLV",2014,1190,99.1666666666667,148.131193602944,0.124479994624323,12.3442661335787,0.356302521008403,71.4243697478992,11.5,50,57,64,103,70,1162,96.8333333333333,243.304735151124,0.209384453658455,20.275394595927,0.44578313253012,71.6067125645439,105,124,123,120,117,47,-95.1735415481803,-0.0849044590341319,-7.93112846234836,-0.0894806115217171,0.18234281664472,123,121,121,121,59
30,"USC","USC",2014,1238,95.2307692307692,213.613856633425,0.172547541707128,16.4318351256481,0.402261712439418,71.7794830371567,32,8,19,23,44,83,1289,99.1538461538462,228.733150244776,0.177450077769415,17.5948577111366,0.399534522885958,70.6850271528317,117,121,115,109,76,62,-15.1192936113506,-0.00490253606228633,-1.16302258548851,0.00272718955346035,-1.09445588432506,82,81,74,65,77
2636,"UT San Antonio","UTSA",2014,1099,91.5833333333333,82.2110290237655,0.0748053039342725,6.85091908531379,0.32484076433121,70.7743403093721,57,97,104,104,123,60,1094,91.1666666666667,51.7314287312604,0.0472864979261978,4.3109523942717,0.349177330895795,69.8738574040219,66,20,18,18,19,86,30.4796002925052,0.0275188060080748,2.5399666910421,-0.024336566564585,-0.900482905350216,34,36,42,85,72
254,"Utah","UTAH",2014,1102,91.8333333333333,32.4168568957361,0.0294163855678186,2.70140474131134,0.358439201451906,71.8457350272232,54,117,117,117,101,86,1100,91.6666666666667,111.400528671272,0.101273207882974,9.28337738927264,0.363636363636364,75.5154545454545,70.5,47,44,41,29.5,1,-78.9836717755355,-0.0718568223151556,-6.5819726479613,-0.00519716218445804,3.66971951823132,120,118,116,71,16
328,"Utah State","USU",2014,1071,82.3846153846154,17.9192070649853,0.0167312857749629,1.3784005434604,0.343604108309991,70.1503267973856,120,122,122,122,115,46,1259,96.8461538461538,28.7864104651157,0.0228645039436979,2.21433926654736,0.329626687847498,71.9173947577442,107,15,13,13,10,38,-10.8672034001304,-0.00613321816873505,-0.835938723086958,0.0139774204624927,1.76706796035863,80,80,75,54,41
2638,"UTEP","UTEP",2014,1116,85.8461538461538,131.421488719087,0.117761190608501,10.1093452860836,0.372759856630824,66.2894265232975,103,68,78,72,83,2,981,75.4615384615385,166.879983285702,0.170112113441083,12.8369217912079,0.348623853211009,66.6574923547401,1,95,79,105,18,126,-35.4584945666148,-0.0523509228325815,-2.72757650512422,0.0241360034198152,0.368065831442564,97,94,106,39,55
238,"Vanderbilt","VAN",2014,930,84.5454545454545,-5.18505486167908,-0.00557532780825708,-0.471368623789007,0.354838709677419,72.0655913978495,110,125,125,125,104,92,986,89.6363636363636,104.003198514356,0.105479917357359,9.45483622857785,0.443204868154158,69.6277890466531,51,42,46,45,116,91,-109.188253376035,-0.111055245165616,-9.92620485236686,-0.0883661584767388,-2.43780235119631,126,128,127,119,96
258,"Virginia","UVA",2014,1054,95.8181818181818,47.1830373475384,0.0447656900830535,4.2893670315944,0.368121442125237,68.1148007590133,27,111,111,111,87,15,988,89.8181818181818,39.0396101469375,0.0395137754523659,3.54905546790341,0.347165991902834,69.9949392712551,52,16,17,17,15,82,8.14342720060096,0.00525191463068768,0.740311563690997,0.0209554502224032,1.88013851224179,60,60,65,45,38
259,"Virginia Tech","VT",2014,1142,95.1666666666667,92.5385283769346,0.0810319863195574,7.71154403141121,0.34938704028021,72.838003502627,33,91,95,99,111,105,1073,89.4166666666667,0.976414980962292,0.000909986002760757,0.081367915080191,0.325256290773532,69.6542404473439,48,6,6,6,7,90,91.5621133959723,0.0801220003167967,7.63017611633102,0.024130749506678,-3.18376305528308,6,4,8,40,103
154,"Wake Forest","WAKE",2014,907,82.4545454545455,20.5756486588708,0.0226853899215775,1.8705135144428,0.28335170893054,70.6802646085998,119,121,120,119,128,56,990,90,16.2855863722072,0.0164500872446538,1.48050785201884,0.363636363636364,71.1787878787879,56.5,10,10,10,29.5,54,4.29006228666353,0.00623530267692369,0.390005662423957,-0.0802846547058234,0.498523270188088,63,64,63,116,51
264,"Washington","WASH",2014,1081,90.0833333333333,88.8659718973006,0.0822071895442189,7.40549765810838,0.374653098982424,69.2294172062905,67,94,100,98,78,26,1125,93.75,70.1382715780526,0.0623451302916023,5.84485596483772,0.399111111111111,68.6391111111111,88,26,22,21,74,110,18.727700319248,0.0198620592526166,1.56064169327067,-0.0244580121286875,-0.590306095179372,49,49,48,86,69
265,"Washington State","WSU",2014,1166,106,136.754267948361,0.117284963935129,12.4322061771237,0.41852487135506,73.2006861063465,2,58,56,73,32,109,1018,92.5454545454545,187.77386983141,0.184453703174273,17.0703518028554,0.420432220039293,68.1218074656189,80,110,114,114,100,115,-51.0196018830488,-0.0671687392391434,-4.63814562573171,-0.00190734868423265,-5.07887864072762,108,108,115,67,122
277,"West Virginia","WVU",2014,1268,105.666666666667,107.20065174218,0.0845431007430438,8.93338764518163,0.400630914826498,72.23738170347,3,82,85,97,46,95,1190,99.1666666666667,139.096330881445,0.116887673009617,11.591360906787,0.358823529411765,70.109243697479,118,69,65,56,23,79,-31.8956791392649,-0.0323445722665734,-2.65797326160541,0.0418073854147337,-2.12813800599105,93,93,95,28,89
98,"Western Kentucky","WKU",2014,1214,93.3846153846154,293.123913047452,0.241452976151113,22.5479933113424,0.463756177924217,71.4802306425041,41,1,1,1,5,72,1243,95.6153846153846,283.111041955275,0.227764313721058,21.7777724580981,0.462590506838294,67.7361222847948,99,128,127,127,121,119,10.0128710921763,0.0136886624300552,0.770220853244332,0.00116567108592303,-3.74410835770928,59,59,58,66,111
2711,"Western Michigan","WMU",2014,828,82.8,141.858637726717,0.17132685715787,14.1858637726717,0.41304347826087,70.4891304347826,118,54,35,25,35,50,890,89,109.541978638155,0.123080874874332,10.9541978638155,0.387640449438202,69.9943820224719,43.5,46,59,61,63,83,32.3166590885616,0.0482459822835388,3.23166590885616,0.0254030288226673,-0.494748412310699,30,29,24,37,66
275,"Wisconsin","WIS",2014,1128,86.7692307692308,197.624021229835,0.175198600381059,15.2018477869104,0.434397163120567,71.6232269503546,100,16,27,22,18,77,1075,82.6923076923077,199.441539876937,0.185527013839012,15.3416569136106,0.344186046511628,70.4120930232558,7,115,105,115,13,71,-1.81751864710242,-0.0103284134579522,-0.139809126700186,0.0902111166089394,-1.21113392709879,71,71,80,6,79
2751,"Wyoming","WYO",2014,980,89.0909090909091,143.837950846846,0.146773419231476,13.0761773497133,0.327551020408163,75.1448979591837,76,52,51,47,121,127,900,81.8181818181818,115.960786826645,0.128845318696273,10.5418897115132,0.414444444444444,69.4011111111111,6,52,53,66,92,98,27.8771640202009,0.0179281005352031,2.53428763820008,-0.0868934240362812,-5.74378684807257,37,37,52,118,124
